{
  "method": "hybrid",
  "num_clients": 6,
  "num_normal": 5,
  "num_malicious": 1,
  "num_rounds": 5,
  "losses": [
    [
      1,
      0.4045472999117682
    ],
    [
      2,
      0.8879175242014025
    ],
    [
      3,
      0.8828514568851223
    ],
    [
      4,
      0.6182058871486434
    ],
    [
      5,
      0.8436822063266592
    ]
  ],
  "accuracies": [
    [
      1,
      0.9277130858754912
    ],
    [
      2,
      0.7600372509174587
    ],
    [
      3,
      0.7725197998878841
    ],
    [
      4,
      0.8381928180559991
    ],
    [
      5,
      0.79944107954481
    ]
  ]
}