{"method": "hybrid", "num_clients": 6, "num_normal": 5, "num_malicious": 1, "losses": [[1, 0.6793661392007143], [2, 3.875547595217331], [3, 0.5008029960120174], [4, 0.45580844379992724], [5, 5.098617716639554], [6, 0.4331408924094788], [7, 0.3876209088395127], [8, 0.36661127146366423], [9, 0.373367570638379], [10, 0.3605566640981808], [11, 0.3680430472466243], [12, 3.436067505331444], [13, 0.3921920832376676], [14, 2.3944332696917336], [15, 0.4539053241721852], [16, 3.0094690594941893], [17, 0.3842751551560041], [18, 0.3617064994992797], [19, 0.37439908252575255], [20, 2.6693379003500795]], "accuracies": [[1, 0.6020493779451168], [2, 0.4559850989911631], [3, 0.7504424722349028], [4, 0.7742897117754222], [5, 0.4475081430127802], [6, 0.7917093545767558], [7, 0.8221704759540034], [8, 0.8331625512104897], [9, 0.8365160677618463], [10, 0.8450861661113247], [11, 0.8429436327359484], [12, 0.46185374539787954], [13, 0.8236609102017278], [14, 0.4902654876445802], [15, 0.79878899842348], [16, 0.4616674420913542], [17, 0.8359571515930826], [18, 0.8596180573473656], [19, 0.857848163188531], [20, 0.49063810462944996]]}