{
  "method": "fltrust",
  "num_clients": 8,
  "num_normal": 6,
  "num_malicious": 2,
  "num_rounds": 20,
  "losses": [
    [
      1,
      0.5151896686958167
    ],
    [
      2,
      0.3715461008899646
    ],
    [
      3,
      0.07208794358550363
    ],
    [
      4,
      0.06292062325669434
    ],
    [
      5,
      3.4684961300202732
    ],
    [
      6,
      0.1106136196572724
    ],
    [
      7,
      0.05745083752431367
    ],
    [
      8,
      0.6556313360298185
    ],
    [
      9,
      0.06104673977757352
    ],
    [
      10,
      0.07156630116746933
    ],
    [
      11,
      0.08191630756807816
    ],
    [
      12,
      0.7585096959824555
    ],
    [
      13,
      0.060696066815525807
    ],
    [
      14,
      0.07591343803802339
    ],
    [
      15,
      0.08250339771601409
    ],
    [
      16,
      0.0949037375033568
    ],
    [
      17,
      0.41629479843125433
    ],
    [
      18,
      0.06466819357350781
    ],
    [
      19,
      0.07494804646523126
    ],
    [
      20,
      0.08707143789496487
    ]
  ],
  "accuracies": [
    [
      1,
      0.8839310790418634
    ],
    [
      2,
      0.8571029220951064
    ],
    [
      3,
      0.9747554779330353
    ],
    [
      4,
      0.9806241244230373
    ],
    [
      5,
      0.562366094731374
    ],
    [
      6,
      0.9692594247081971
    ],
    [
      7,
      0.9820214159498672
    ],
    [
      8,
      0.7950628844759994
    ],
    [
      9,
      0.9808104378987202
    ],
    [
      10,
      0.981369365671928
    ],
    [
      11,
      0.9799720584541128
    ],
    [
      12,
      0.6849557416295805
    ],
    [
      13,
      0.9802515221186222
    ],
    [
      14,
      0.9798788971772125
    ],
    [
      15,
      0.980065206849525
    ],
    [
      16,
      0.9784815886545914
    ],
    [
      17,
      0.8117373060391679
    ],
    [
      18,
      0.9798788957669117
    ],
    [
      19,
      0.9801583535570181
    ],
    [
      20,
      0.9788542114694451
    ]
  ],
  "label_flipping": {
    "total_flipped_samples": 183520,
    "total_malicious_rounds": 40,
    "correctly_excluded_rounds": 30,
    "incorrectly_included_rounds": 10,
    "detection_rate_pct": 75.0,
    "ema_final_scores": {},
    "per_round": [
      {
        "round": 1,
        "num_clients": 8,
        "selected_indices": [
          0,
          1,
          5,
          6
        ],
        "excluded_indices": [
          2,
          3,
          4,
          7
        ],
        "malicious_client_ids": [
          8,
          7
        ],
        "malicious_indices": [
          4,
          5
        ],
        "correctly_excluded": [
          8
        ],
        "incorrectly_included": [
          7
        ],
        "flipped_samples_this_round": 9176
      },
      {
        "round": 2,
        "num_clients": 8,
        "selected_indices": [
          0,
          1,
          2,
          3,
          4,
          5,
          6,
          7
        ],
        "excluded_indices": [],
        "malicious_client_ids": [
          8,
          7
        ],
        "malicious_indices": [
          0,
          1
        ],
        "correctly_excluded": [],
        "incorrectly_included": [
          8,
          7
        ],
        "flipped_samples_this_round": 9176
      },
      {
        "round": 3,
        "num_clients": 8,
        "selected_indices": [
          1,
          2,
          3,
          4,
          5,
          6
        ],
        "excluded_indices": [
          0,
          7
        ],
        "malicious_client_ids": [
          7,
          8
        ],
        "malicious_indices": [
          0,
          7
        ],
        "correctly_excluded": [
          7,
          8
        ],
        "incorrectly_included": [],
        "flipped_samples_this_round": 9176
      },
      {
        "round": 4,
        "num_clients": 8,
        "selected_indices": [
          0,
          1,
          2,
          3,
          4,
          7
        ],
        "excluded_indices": [
          5,
          6
        ],
        "malicious_client_ids": [
          7,
          8
        ],
        "malicious_indices": [
          5,
          6
        ],
        "correctly_excluded": [
          7,
          8
        ],
        "incorrectly_included": [],
        "flipped_samples_this_round": 9176
      },
      {
        "round": 5,
        "num_clients": 8,
        "selected_indices": [
          0,
          1,
          2,
          3,
          5,
          7
        ],
        "excluded_indices": [
          4,
          6
        ],
        "malicious_client_ids": [
          8,
          7
        ],
        "malicious_indices": [
          4,
          7
        ],
        "correctly_excluded": [
          8
        ],
        "incorrectly_included": [
          7
        ],
        "flipped_samples_this_round": 9176
      },
      {
        "round": 6,
        "num_clients": 8,
        "selected_indices": [
          0,
          1,
          2,
          3,
          4,
          5,
          6
        ],
        "excluded_indices": [
          7
        ],
        "malicious_client_ids": [
          8,
          7
        ],
        "malicious_indices": [
          6,
          7
        ],
        "correctly_excluded": [
          7
        ],
        "incorrectly_included": [
          8
        ],
        "flipped_samples_this_round": 9176
      },
      {
        "round": 7,
        "num_clients": 8,
        "selected_indices": [
          1,
          2,
          4,
          5,
          6,
          7
        ],
        "excluded_indices": [
          0,
          3
        ],
        "malicious_client_ids": [
          7,
          8
        ],
        "malicious_indices": [
          0,
          3
        ],
        "correctly_excluded": [
          7,
          8
        ],
        "incorrectly_included": [],
        "flipped_samples_this_round": 9176
      },
      {
        "round": 8,
        "num_clients": 8,
        "selected_indices": [
          0,
          1,
          3,
          4,
          5,
          6,
          7
        ],
        "excluded_indices": [
          2
        ],
        "malicious_client_ids": [
          8,
          7
        ],
        "malicious_indices": [
          2,
          4
        ],
        "correctly_excluded": [
          8
        ],
        "incorrectly_included": [
          7
        ],
        "flipped_samples_this_round": 9176
      },
      {
        "round": 9,
        "num_clients": 8,
        "selected_indices": [
          0,
          1,
          2,
          4,
          5,
          7
        ],
        "excluded_indices": [
          3,
          6
        ],
        "malicious_client_ids": [
          7,
          8
        ],
        "malicious_indices": [
          3,
          6
        ],
        "correctly_excluded": [
          7,
          8
        ],
        "incorrectly_included": [],
        "flipped_samples_this_round": 9176
      },
      {
        "round": 10,
        "num_clients": 8,
        "selected_indices": [
          1,
          2,
          5,
          6
        ],
        "excluded_indices": [
          0,
          3,
          4,
          7
        ],
        "malicious_client_ids": [
          8,
          7
        ],
        "malicious_indices": [
          3,
          4
        ],
        "correctly_excluded": [
          8,
          7
        ],
        "incorrectly_included": [],
        "flipped_samples_this_round": 9176
      },
      {
        "round": 11,
        "num_clients": 8,
        "selected_indices": [
          0,
          1,
          6,
          7
        ],
        "excluded_indices": [
          2,
          3,
          4,
          5
        ],
        "malicious_client_ids": [
          8,
          7
        ],