{
  "method": "hybrid",
  "num_clients": 6,
  "num_normal": 5,
  "num_malicious": 1,
  "num_rounds": 20,
  "losses": [
    [
      1,
      0.4257206932493054
    ],
    [
      2,
      0.22389594130231907
    ],
    [
      3,
      0.1596274406700527
    ],
    [
      4,
      0.13852868683361372
    ],
    [
      5,
      0.1196887453201875
    ],
    [
      6,
      0.10678855321909983
    ],
    [
      7,
      0.09866568914457778
    ],
    [
      8,
      0.10777542690695131
    ],
    [
      9,
      0.08774524466891047
    ],
    [
      10,
      0.09975066424198949
    ],
    [
      11,
      0.0885134286534502
    ],
    [
      12,
      0.0917691192305168
    ],
    [
      13,
      0.09601432781169626
    ],
    [
      14,
      0.07988639149867587
    ],
    [
      15,
      0.110333085632654
    ],
    [
      16,
      0.08931905454740861
    ],
    [
      17,
      0.08421859711661224
    ],
    [
      18,
      0.09839658756655725
    ],
    [
      19,
      0.09272757472384349
    ],
    [
      20,
      0.09530081870672799
    ]
  ],
  "accuracies": [
    [
      1,
      0.9131892740326738
    ],
    [
      2,
      0.9188710673810739
    ],
    [
      3,
      0.9437406913012311
    ],
    [
      4,
      0.9498882235628837
    ],
    [
      5,
      0.956967214402783
    ],
    [
      6,
      0.9630216087385368
    ],
    [
      7,
      0.9642324824602344
    ],
    [
      8,
      0.9600409764557766
    ],
    [
      9,
      0.9680514155086213
    ],
    [
      10,
      0.9648845100833655
    ],
    [
      11,
      0.9703800284182972
    ],
    [
      12,
      0.9688897236526546
    ],
    [
      13,
      0.9698211680847912
    ],
    [
      14,
      0.9737332424290489
    ],
    [
      15,
      0.9672131132162364
    ],
    [
      16,
      0.9724292141425628
    ],
    [
      17,
      0.9729880619455468
    ],
    [
      18,
      0.9719634840678529
    ],
    [
      19,
      0.9708457388283599
    ],
    [
      20,
      0.9736400942266786
    ]
  ]
}