{
  "method": "hybrid",
  "num_clients": 6,
  "num_normal": 4,
  "num_malicious": 2,
  "num_rounds": 10,
  "losses": [
    [
      1,
      0.38922388315889234
    ],
    [
      2,
      0.0695116382696695
    ],
    [
      3,
      0.057967470588069545
    ],
    [
      4,
      0.06405407575725254
    ],
    [
      5,
      0.0720025263367576
    ],
    [
      6,
      0.06877201261420786
    ],
    [
      7,
      0.15469118190412973
    ],
    [
      8,
      0.06824566295211539
    ],
    [
      9,
      0.07663149625391195
    ],
    [
      10,
      0.08693605485190423
    ]
  ],
  "accuracies": [
    [
      1,
      0.9332153347394416
    ],
    [
      2,
      0.980625929491353
    ],
    [
      3,
      0.9809985158828971
    ],
    [
      4,
      0.9814642231783728
    ],
    [
      5,
      0.9832339573057505
    ],
    [
      6,
      0.9832339817505391
    ],
    [
      7,
      0.9743852578769764
    ],
    [
      8,
      0.9829545380539315
    ],
    [
      9,
      0.9818368016363256
    ],
    [
      10,
      0.9821162288828064
    ]
  ],
  "label_flipping": {
    "total_flipped_samples": 20880,
    "total_malicious_rounds": 20,
    "correctly_excluded_rounds": 17,
    "incorrectly_included_rounds": 3,
    "detection_rate_pct": 85.0,
    "ema_final_scores": {
      "3": 0.4652,
      "5": 0.3959,
      "4": 0.5801,
      "1": 0.8345,
      "2": 0.6767,
      "6": 0.2316
    },
    "per_round": [
      {
        "round": 1,
        "num_clients": 6,
        "selected_indices": [
          3,
          1,
          5
        ],
        "excluded_indices": [
          0,
          2,
          4
        ],
        "malicious_client_ids": [
          5,
          6
        ],
        "malicious_indices": [
          1,
          5
        ],
        "correctly_excluded": [],
        "incorrectly_included": [
          5,
          6
        ],
        "flipped_samples_this_round": 2088
      },
      {
        "round": 2,
        "num_clients": 6,
        "selected_indices": [
          3,
          5,
          0,
          2
        ],
        "excluded_indices": [
          1,
          4
        ],
        "malicious_client_ids": [
          5,
          6
        ],
        "malicious_indices": [
          1,
          4
        ],
        "correctly_excluded": [
          5,
          6
        ],
        "incorrectly_included": [],
        "flipped_samples_this_round": 2088
      },
      {
        "round": 3,
        "num_clients": 6,
        "selected_indices": [
          3,
          1,
          2
        ],
        "excluded_indices": [
          0,
          4,
          5
        ],
        "malicious_client_ids": [
          5,
          6
        ],
        "malicious_indices": [
          0,
          5
        ],
        "correctly_excluded": [
          5,
          6
        ],
        "incorrectly_included": [],
        "flipped_samples_this_round": 2088
      },
      {
        "round": 4,
        "num_clients": 6,
        "selected_indices": [
          1,
          5,
          4
        ],
        "excluded_indices": [
          0,
          2,
          3
        ],
        "malicious_client_ids": [
          5,
          6
        ],
        "malicious_indices": [
          0,
          2
        ],
        "correctly_excluded": [
          5,
          6
        ],
        "incorrectly_included": [],
        "flipped_samples_this_round": 2088
      },
      {
        "round": 5,
        "num_clients": 6,
        "selected_indices": [
          4,
          5,
          3
        ],
        "excluded_indices": [
          0,
          1,
          2
        ],
        "malicious_client_ids": [
          5,
          6
        ],
        "malicious_indices": [
          0,
          1
        ],
        "correctly_excluded": [
          5,
          6
        ],
        "incorrectly_included": [],
        "flipped_samples_this_round": 2088
      },
      {
        "round": 6,
        "num_clients": 6,
        "selected_indices": [
          2,
          4,
          5
        ],
        "excluded_indices": [
          0,
          1,
          3
        ],
        "malicious_client_ids": [
          5,
          6
        ],
        "malicious_indices": [
          0,
          1
        ],
        "correctly_excluded": [
          5,
          6
        ],
        "incorrectly_included": [],
        "flipped_samples_this_round": 2088
      },
      {
        "round": 7,
        "num_clients": 6,
        "selected_indices": [
          3,
          1,
          2
        ],
        "excluded_indices": [
          0,
          4,
          5
        ],
        "malicious_client_ids": [
          6,
          5
        ],
        "malicious_indices": [
          0,
          3
        ],
        "correctly_excluded": [
          6
        ],
        "incorrectly_included": [
          5
        ],
        "flipped_samples_this_round": 2088
      },
      {
        "round": 8,
        "num_clients": 6,
        "selected_indices": [
          0,
          2,
          4,
          3
        ],
        "excluded_indices": [
          1,
          5
        ],
        "malicious_client_ids": [
          6,
          5
        ],
        "malicious_indices": [
          1,
          5
        ],
        "correctly_excluded": [
          6,
          5
        ],
        "incorrectly_included": [],
        "flipped_samples_this_round": 2088
      },
      {
        "round": 9,
        "num_clients": 6,
        "selected_indices": [
          5,
          0,
          3
        ],
        "excluded_indices": [
          1,
          2,
          4
        ],
        "malicious_client_ids": [
          6,
          5
        ],
        "malicious_indices": [
          2,
          4
        ],
        "correctly_excluded": [
          6,
          5
        ],
        "incorrectly_included": [],
        "flipped_samples_this_round": 2088
      },
      {
        "round": 10,
        "num_clients": 6,
        "selected_indices": [
          2,
          4,
          3
        ],
        "excluded_indices": [
          0,
          1,
          5
        ],
        "malicious_client_ids": [
          5,
          6
        ],
        "malicious_indices": [
          0,
          1
        ],
        "correctly_excluded": [
          5,
          6
        ],
        "incorrectly_included": [],
        "flipped_samples_this_round": 2088
      }
    ]
  }
}