{
  "method": "hybrid",
  "num_clients": 7,
  "num_normal": 5,
  "num_malicious": 2,
  "num_rounds": 3,
  "losses": [
    [
      1,
      2.1905777024370092
    ],
    [
      2,
      3.584469402414844
    ],
    [
      3,
      0.8185561810851464
    ]
  ],
  "accuracies": [
    [
      1,
      0.4413709639545325
    ],
    [
      2,
      0.4413709639545325
    ],
    [
      3,
      0.7564496551632959
    ]
  ]
}